[{
  "productId" : 300000,
  "productName" : "Boat Earphones",
  "productPrice" : 328,
  "productQuantity" : 2000,
  "discountOffered" : 50,
  "productCategory" : "Electronics",
  "productType" : "Earphones",
  "productBrand" : "Boat",
  "productModel" : "IN52100",
  "productFeatures" : "Extra Bass",
  "productRating" : "5",
  "productFeedback" : "Nice product"
  }
  ,
  {
    "productId" : 3,
  "productName" : " Earphones",
  "productPrice" : 328,
  "productQuantity" : 200,
  "discountOffered" : 70,
  "productCategory" : "Electronics",
  "productType" : "Earphones",
  "productBrand" : "Boat",
  "productModel" : "IN500",
  "productFeatures" : " Bass",
  "productRating" : "5",
  "productFeedback" : "Nice product"
  }
  
  ]