[
	{
		"customerId": 10000,
		"customerName": "Rushabh",
		"email": "rm@capgemini.com",
		"mobileNo": "9873216540",
		"address": "Nagpur",
		"pinCode": 440009,
		"orders": [
			{
				"orderId": 0,
				"orderDate": null,
				"productQuantity": 0,
				"totalPrice": 0,
				"finalPrice": 0,
				"customer": null,
				"merchant": null,
				"product": null
			}
		],
		"wishlist": null,
		"cart": {
			"promoCode": null,
			"productQuantity": 0,
			"productPrice": 0,
			"products": null
		}
	},
	{
		"customerId": 20000,
		"customerName": "Rushabh",
		"email": "rm@capgemini.com",
		"mobileNo": "9873216540",
		"address": "Nagpur",
		"pinCode": 440009,
		"orders": [
			{
				"orderId": 0,
				"orderDate": null,
				"productQuantity": 0,
				"totalPrice": 0,
				"finalPrice": 0,
				"customer": null,
				"merchant": null,
				"product": null
			}
		],
		"wishlist": null,
		"cart": {
			"promoCode": null,
			"productQuantity": 0,
			"productPrice": 0,
			"products": null
		}
	}
]